GBIF_ID,Institution_ID,Dataset_ID,Year_rec,Year_date,Mon_date,Day_date,Lat_dec,Lon_dec,Scientific_name,Phylum,Class,Order,Family,Subfamily,Genus,Depth,Sci_name_verbatim
90258344,,NaN,NaN,9999,99,99,15,90,"Pyrosoma verticillatum Neumann, 1909",Chordata,Thaliacea,Pyrosomatida,Pyrosomatidae,NaN,Pyrosomella,NaN,"Pyrosoma verticillatum"
3818459805,,NaN,2017,2017,8,14,27.42,-79.940002,"Pyrosomella van Soest, 1979",Chordata,Thaliacea,Pyrosomatida,Pyrosomatidae,NaN,Pyrosomella,NaN,"Pyrosomella sp. USNM IZ 1450062"
3818446547,,NaN,2017,2017,8,14,27.42,-79.940002,"Pyrosomella van Soest, 1979",Chordata,Thaliacea,Pyrosomatida,Pyrosomatidae,NaN,Pyrosomella,NaN,"Pyrosomella sp. USNM IZ 1450280"
3346524671,,NaN,2006,2006,11,1,NaN,NaN,"Pyrosomella verticillata (Neumann, 1909)",Chordata,Thaliacea,Pyrosomatida,Pyrosomatidae,NaN,Pyrosomella,NaN,"Pyrosomella verticillata"
3041538331,http://grbio.org/cool/142r-0w94,NaN,2017,2017,8,14,27.4224,-79.9359,"Pyrosomella van Soest, 1979",Chordata,Thaliacea,Pyrosomatida,Pyrosomatidae,NaN,Pyrosomella,49,"Pyrosomella sp."
3028137155,http://grbio.org/cool/142r-0w94,NaN,2017,2017,8,14,27.4224,-79.9359,"Pyrosomella van Soest, 1979",Chordata,Thaliacea,Pyrosomatida,Pyrosomatidae,NaN,Pyrosomella,49,"Pyrosomella sp."
2432705769,Naturalis Biodiversity Center,NaN,NaN,9999,99,99,NaN,NaN,"Pyrosomella verticillata (Neumann, 1909)",Chordata,Thaliacea,Pyrosomatida,Pyrosomatidae,NaN,Pyrosomella,NaN,"Pyrosomella verticillata (Neumann, 1909)"
2432699776,Naturalis Biodiversity Center,NaN,NaN,9999,99,99,NaN,NaN,"Pyrosomella verticillata (Neumann, 1909)",Chordata,Thaliacea,Pyrosomatida,Pyrosomatidae,NaN,Pyrosomella,NaN,"Pyrosomella verticillata (Neumann, 1909)"
2432698033,Naturalis Biodiversity Center,NaN,NaN,9999,99,99,NaN,NaN,"Pyrosomella verticillata (Neumann, 1909)",Chordata,Thaliacea,Pyrosomatida,Pyrosomatidae,NaN,Pyrosomella,NaN,"Pyrosomella verticillata (Neumann, 1909)"
2248407575,,NaN,1979,1979,10,23,34.383333,141.5,"Pyrosomella verticillata (Neumann, 1909)",Chordata,Thaliacea,Pyrosomatida,Pyrosomatidae,NaN,Pyrosomella,0,"Pyrosomella verticillata"
2248402968,,NaN,1979,1979,6,21,33.633333,144.266667,"Pyrosomella verticillata (Neumann, 1909)",Chordata,Thaliacea,Pyrosomatida,Pyrosomatidae,NaN,Pyrosomella,0,"Pyrosomella verticillata"
2248402954,,NaN,1979,1979,6,20,34.383333,141.5,"Pyrosomella verticillata (Neumann, 1909)",Chordata,Thaliacea,Pyrosomatida,Pyrosomatidae,NaN,Pyrosomella,0,"Pyrosomella verticillata"
2248396449,,NaN,1979,1979,7,13,32.883333,134.9,"Pyrosomella verticillata (Neumann, 1909)",Chordata,Thaliacea,Pyrosomatida,Pyrosomatidae,NaN,Pyrosomella,0,"Pyrosomella verticillata"
2248391399,,NaN,1979,1979,7,10,29.933333,134.8,"Pyrosomella verticillata (Neumann, 1909)",Chordata,Thaliacea,Pyrosomatida,Pyrosomatidae,NaN,Pyrosomella,0,"Pyrosomella verticillata"
2248209738,,NaN,1981,1981,7,10,31.916667,134.866667,"Pyrosomella verticillata (Neumann, 1909)",Chordata,Thaliacea,Pyrosomatida,Pyrosomatidae,NaN,Pyrosomella,0,"Pyrosomella verticillata"
208018581,,NaN,NaN,9999,99,99,2.498333,76.783333,"Pyrosoma verticillatum Neumann, 1909",Chordata,Thaliacea,Pyrosomatida,Pyrosomatidae,NaN,Pyrosomella,NaN,"Pyrosoma verticillatum Neumann 1913"
1851010723,,NaN,2014,2014,12,5,-21.707667,160.9478,"Pyrosomella van Soest, 1979",Chordata,Thaliacea,Pyrosomatida,Pyrosomatidae,NaN,Pyrosomella,540,"Pyrosomella"
1851010129,,NaN,2014,2014,12,5,-21.707667,160.9478,"Pyrosomella van Soest, 1979",Chordata,Thaliacea,Pyrosomatida,Pyrosomatidae,NaN,Pyrosomella,540,"Pyrosomella"
1851008671,,NaN,2014,2014,12,2,-19.396333,160.364333,"Pyrosomella van Soest, 1979",Chordata,Thaliacea,Pyrosomatida,Pyrosomatidae,NaN,Pyrosomella,470,"Pyrosomella"
1851008485,,NaN,2014,2014,12,2,-19.396333,160.364333,"Pyrosomella van Soest, 1979",Chordata,Thaliacea,Pyrosomatida,Pyrosomatidae,NaN,Pyrosomella,470,"Pyrosomella"
1851008473,,NaN,2014,2014,12,2,-19.396333,160.364333,"Pyrosomella van Soest, 1979",Chordata,Thaliacea,Pyrosomatida,Pyrosomatidae,NaN,Pyrosomella,470,"Pyrosomella"
1851008471,,NaN,2014,2014,12,2,-19.396333,160.364333,"Pyrosomella van Soest, 1979",Chordata,Thaliacea,Pyrosomatida,Pyrosomatidae,NaN,Pyrosomella,470,"Pyrosomella"
1851008182,,NaN,2014,2014,12,1,-19.40115,160.37675,"Pyrosomella van Soest, 1979",Chordata,Thaliacea,Pyrosomatida,Pyrosomatidae,NaN,Pyrosomella,NaN,"Pyrosomella"
1851008181,,NaN,2014,2014,12,1,-19.40115,160.37675,"Pyrosomella van Soest, 1979",Chordata,Thaliacea,Pyrosomatida,Pyrosomatidae,NaN,Pyrosomella,NaN,"Pyrosomella"
1851008178,,NaN,2014,2014,12,1,-19.40115,160.37675,"Pyrosomella van Soest, 1979",Chordata,Thaliacea,Pyrosomatida,Pyrosomatidae,NaN,Pyrosomella,NaN,"Pyrosomella"
1851008177,,NaN,2014,2014,12,1,-19.40115,160.37675,"Pyrosomella van Soest, 1979",Chordata,Thaliacea,Pyrosomatida,Pyrosomatidae,NaN,Pyrosomella,NaN,"Pyrosomella"
1851008175,,NaN,2014,2014,12,1,-19.40115,160.37675,"Pyrosomella van Soest, 1979",Chordata,Thaliacea,Pyrosomatida,Pyrosomatidae,NaN,Pyrosomella,NaN,"Pyrosomella"
1851008173,,NaN,2014,2014,12,1,-19.40115,160.37675,"Pyrosomella van Soest, 1979",Chordata,Thaliacea,Pyrosomatida,Pyrosomatidae,NaN,Pyrosomella,NaN,"Pyrosomella"
1851008159,,NaN,2014,2014,12,1,-19.40115,160.37675,"Pyrosomella van Soest, 1979",Chordata,Thaliacea,Pyrosomatida,Pyrosomatidae,NaN,Pyrosomella,NaN,"Pyrosomella"
1851008153,,NaN,2014,2014,12,1,-19.40115,160.37675,"Pyrosomella van Soest, 1979",Chordata,Thaliacea,Pyrosomatida,Pyrosomatidae,NaN,Pyrosomella,NaN,"Pyrosomella"
1851008146,,NaN,2014,2014,12,1,-19.40115,160.37675,"Pyrosomella van Soest, 1979",Chordata,Thaliacea,Pyrosomatida,Pyrosomatidae,NaN,Pyrosomella,NaN,"Pyrosomella"
1851008145,,NaN,2014,2014,12,1,-19.40115,160.37675,"Pyrosomella van Soest, 1979",Chordata,Thaliacea,Pyrosomatida,Pyrosomatidae,NaN,Pyrosomella,NaN,"Pyrosomella"
1851008144,,NaN,2014,2014,12,1,-19.40115,160.37675,"Pyrosomella van Soest, 1979",Chordata,Thaliacea,Pyrosomatida,Pyrosomatidae,NaN,Pyrosomella,NaN,"Pyrosomella"
1851008136,,NaN,2014,2014,12,1,-19.40115,160.37675,"Pyrosomella van Soest, 1979",Chordata,Thaliacea,Pyrosomatida,Pyrosomatidae,NaN,Pyrosomella,NaN,"Pyrosomella"
1851008132,,NaN,2014,2014,12,1,-19.40115,160.37675,"Pyrosomella van Soest, 1979",Chordata,Thaliacea,Pyrosomatida,Pyrosomatidae,NaN,Pyrosomella,NaN,"Pyrosomella"
1851008131,,NaN,2014,2014,12,1,-19.40115,160.37675,"Pyrosomella van Soest, 1979",Chordata,Thaliacea,Pyrosomatida,Pyrosomatidae,NaN,Pyrosomella,NaN,"Pyrosomella"
1851008130,,NaN,2014,2014,12,1,-19.40115,160.37675,"Pyrosomella van Soest, 1979",Chordata,Thaliacea,Pyrosomatida,Pyrosomatidae,NaN,Pyrosomella,NaN,"Pyrosomella"
1851008129,,NaN,2014,2014,12,1,-19.40115,160.37675,"Pyrosomella van Soest, 1979",Chordata,Thaliacea,Pyrosomatida,Pyrosomatidae,NaN,Pyrosomella,NaN,"Pyrosomella"
1851008127,,NaN,2014,2014,12,1,-19.40115,160.37675,"Pyrosomella van Soest, 1979",Chordata,Thaliacea,Pyrosomatida,Pyrosomatidae,NaN,Pyrosomella,NaN,"Pyrosomella"
1851008124,,NaN,2014,2014,12,1,-19.40115,160.37675,"Pyrosomella van Soest, 1979",Chordata,Thaliacea,Pyrosomatida,Pyrosomatidae,NaN,Pyrosomella,NaN,"Pyrosomella"
1851008120,,NaN,2014,2014,12,1,-19.40115,160.37675,"Pyrosomella van Soest, 1979",Chordata,Thaliacea,Pyrosomatida,Pyrosomatidae,NaN,Pyrosomella,NaN,"Pyrosomella"
1851008116,,NaN,2014,2014,12,1,-19.40115,160.37675,"Pyrosomella van Soest, 1979",Chordata,Thaliacea,Pyrosomatida,Pyrosomatidae,NaN,Pyrosomella,NaN,"Pyrosomella"
1851008112,,NaN,2014,2014,12,1,-19.40115,160.37675,"Pyrosomella van Soest, 1979",Chordata,Thaliacea,Pyrosomatida,Pyrosomatidae,NaN,Pyrosomella,NaN,"Pyrosomella"
1851008108,,NaN,2014,2014,12,1,-19.40115,160.37675,"Pyrosomella van Soest, 1979",Chordata,Thaliacea,Pyrosomatida,Pyrosomatidae,NaN,Pyrosomella,NaN,"Pyrosomella"
1851008106,,NaN,2014,2014,12,1,-19.40115,160.37675,"Pyrosomella van Soest, 1979",Chordata,Thaliacea,Pyrosomatida,Pyrosomatidae,NaN,Pyrosomella,NaN,"Pyrosomella"
1851008103,,NaN,2014,2014,12,1,-19.40115,160.37675,"Pyrosomella van Soest, 1979",Chordata,Thaliacea,Pyrosomatida,Pyrosomatidae,NaN,Pyrosomella,NaN,"Pyrosomella"
1851008082,,NaN,2014,2014,12,1,-19.40115,160.37675,"Pyrosomella van Soest, 1979",Chordata,Thaliacea,Pyrosomatida,Pyrosomatidae,NaN,Pyrosomella,NaN,"Pyrosomella"
1851008052,,NaN,2014,2014,12,1,-19.40115,160.37675,"Pyrosomella van Soest, 1979",Chordata,Thaliacea,Pyrosomatida,Pyrosomatidae,NaN,Pyrosomella,NaN,"Pyrosomella"
1851008045,,NaN,2014,2014,12,1,-19.40115,160.37675,"Pyrosomella van Soest, 1979",Chordata,Thaliacea,Pyrosomatida,Pyrosomatidae,NaN,Pyrosomella,NaN,"Pyrosomella"
1851008026,,NaN,2014,2014,12,1,-19.40115,160.37675,"Pyrosomella van Soest, 1979",Chordata,Thaliacea,Pyrosomatida,Pyrosomatidae,NaN,Pyrosomella,NaN,"Pyrosomella"
1851008021,,NaN,2014,2014,12,1,-19.40115,160.37675,"Pyrosomella van Soest, 1979",Chordata,Thaliacea,Pyrosomatida,Pyrosomatidae,NaN,Pyrosomella,NaN,"Pyrosomella"
1851008020,,NaN,2014,2014,12,1,-19.40115,160.37675,"Pyrosomella van Soest, 1979",Chordata,Thaliacea,Pyrosomatida,Pyrosomatidae,NaN,Pyrosomella,NaN,"Pyrosomella"
1851008019,,NaN,2014,2014,12,1,-19.40115,160.37675,"Pyrosomella van Soest, 1979",Chordata,Thaliacea,Pyrosomatida,Pyrosomatidae,NaN,Pyrosomella,NaN,"Pyrosomella"
1851008014,,NaN,2014,2014,12,1,-19.40115,160.37675,"Pyrosomella van Soest, 1979",Chordata,Thaliacea,Pyrosomatida,Pyrosomatidae,NaN,Pyrosomella,NaN,"Pyrosomella"
1851008011,,NaN,2014,2014,12,1,-19.40115,160.37675,"Pyrosomella van Soest, 1979",Chordata,Thaliacea,Pyrosomatida,Pyrosomatidae,NaN,Pyrosomella,NaN,"Pyrosomella"
1851008009,,NaN,2014,2014,12,1,-19.40115,160.37675,"Pyrosomella van Soest, 1979",Chordata,Thaliacea,Pyrosomatida,Pyrosomatidae,NaN,Pyrosomella,NaN,"Pyrosomella"
1851008008,,NaN,2014,2014,12,1,-19.40115,160.37675,"Pyrosomella van Soest, 1979",Chordata,Thaliacea,Pyrosomatida,Pyrosomatidae,NaN,Pyrosomella,NaN,"Pyrosomella"
1851008004,,NaN,2014,2014,12,1,-19.40115,160.37675,"Pyrosomella van Soest, 1979",Chordata,Thaliacea,Pyrosomatida,Pyrosomatidae,NaN,Pyrosomella,NaN,"Pyrosomella"
1851007973,,NaN,2014,2014,12,2,-19.396333,160.364333,"Pyrosomella van Soest, 1979",Chordata,Thaliacea,Pyrosomatida,Pyrosomatidae,NaN,Pyrosomella,470,"Pyrosomella"
1851007941,,NaN,2014,2014,12,2,-19.396333,160.364333,"Pyrosomella van Soest, 1979",Chordata,Thaliacea,Pyrosomatida,Pyrosomatidae,NaN,Pyrosomella,470,"Pyrosomella"
1851007892,,NaN,2014,2014,12,1,-19.40115,160.37675,"Pyrosomella van Soest, 1979",Chordata,Thaliacea,Pyrosomatida,Pyrosomatidae,NaN,Pyrosomella,NaN,"Pyrosomella"
1851007890,,NaN,2014,2014,12,1,-19.40115,160.37675,"Pyrosomella van Soest, 1979",Chordata,Thaliacea,Pyrosomatida,Pyrosomatidae,NaN,Pyrosomella,NaN,"Pyrosomella"
1851007855,,NaN,2014,2014,12,1,-19.40115,160.37675,"Pyrosomella van Soest, 1979",Chordata,Thaliacea,Pyrosomatida,Pyrosomatidae,NaN,Pyrosomella,NaN,"Pyrosomella"
1851007746,,NaN,2014,2014,12,1,-19.40115,160.37675,"Pyrosomella van Soest, 1979",Chordata,Thaliacea,Pyrosomatida,Pyrosomatidae,NaN,Pyrosomella,NaN,"Pyrosomella"
1851007703,,NaN,2014,2014,12,1,-19.40115,160.37675,"Pyrosomella van Soest, 1979",Chordata,Thaliacea,Pyrosomatida,Pyrosomatidae,NaN,Pyrosomella,NaN,"Pyrosomella"
1851007692,,NaN,2014,2014,12,1,-19.40115,160.37675,"Pyrosomella van Soest, 1979",Chordata,Thaliacea,Pyrosomatida,Pyrosomatidae,NaN,Pyrosomella,NaN,"Pyrosomella"
1851007687,,NaN,2014,2014,12,1,-19.40115,160.37675,"Pyrosomella van Soest, 1979",Chordata,Thaliacea,Pyrosomatida,Pyrosomatidae,NaN,Pyrosomella,NaN,"Pyrosomella"
1851007683,,NaN,2014,2014,12,1,-19.40115,160.37675,"Pyrosomella van Soest, 1979",Chordata,Thaliacea,Pyrosomatida,Pyrosomatidae,NaN,Pyrosomella,NaN,"Pyrosomella"
1851007677,,NaN,2014,2014,12,1,-19.40115,160.37675,"Pyrosomella van Soest, 1979",Chordata,Thaliacea,Pyrosomatida,Pyrosomatidae,NaN,Pyrosomella,NaN,"Pyrosomella"
1851007670,,NaN,2014,2014,12,1,-19.40115,160.37675,"Pyrosomella van Soest, 1979",Chordata,Thaliacea,Pyrosomatida,Pyrosomatidae,NaN,Pyrosomella,NaN,"Pyrosomella"
1851007665,,NaN,2014,2014,12,1,-19.40115,160.37675,"Pyrosomella van Soest, 1979",Chordata,Thaliacea,Pyrosomatida,Pyrosomatidae,NaN,Pyrosomella,NaN,"Pyrosomella"
1851007639,,NaN,2014,2014,12,1,-19.40115,160.37675,"Pyrosomella van Soest, 1979",Chordata,Thaliacea,Pyrosomatida,Pyrosomatidae,NaN,Pyrosomella,NaN,"Pyrosomella"
1851007591,,NaN,2014,2014,12,1,-19.40115,160.37675,"Pyrosomella van Soest, 1979",Chordata,Thaliacea,Pyrosomatida,Pyrosomatidae,NaN,Pyrosomella,NaN,"Pyrosomella"
1851007583,,NaN,2014,2014,12,1,-19.40115,160.37675,"Pyrosomella van Soest, 1979",Chordata,Thaliacea,Pyrosomatida,Pyrosomatidae,NaN,Pyrosomella,NaN,"Pyrosomella"
1851007577,,NaN,2014,2014,12,1,-19.40115,160.37675,"Pyrosomella van Soest, 1979",Chordata,Thaliacea,Pyrosomatida,Pyrosomatidae,NaN,Pyrosomella,NaN,"Pyrosomella"
1851007575,,NaN,2014,2014,12,1,-19.40115,160.37675,"Pyrosomella van Soest, 1979",Chordata,Thaliacea,Pyrosomatida,Pyrosomatidae,NaN,Pyrosomella,NaN,"Pyrosomella"
1851007567,,NaN,2014,2014,12,1,-19.40115,160.37675,"Pyrosomella van Soest, 1979",Chordata,Thaliacea,Pyrosomatida,Pyrosomatidae,NaN,Pyrosomella,NaN,"Pyrosomella"
1851007565,,NaN,2014,2014,12,1,-19.40115,160.37675,"Pyrosomella van Soest, 1979",Chordata,Thaliacea,Pyrosomatida,Pyrosomatidae,NaN,Pyrosomella,NaN,"Pyrosomella"
1851007564,,NaN,2014,2014,12,1,-19.40115,160.37675,"Pyrosomella van Soest, 1979",Chordata,Thaliacea,Pyrosomatida,Pyrosomatidae,NaN,Pyrosomella,NaN,"Pyrosomella"
1851007561,,NaN,2014,2014,12,1,-19.40115,160.37675,"Pyrosomella van Soest, 1979",Chordata,Thaliacea,Pyrosomatida,Pyrosomatidae,NaN,Pyrosomella,NaN,"Pyrosomella"
1851007559,,NaN,2014,2014,12,1,-19.40115,160.37675,"Pyrosomella van Soest, 1979",Chordata,Thaliacea,Pyrosomatida,Pyrosomatidae,NaN,Pyrosomella,NaN,"Pyrosomella"
1851007550,,NaN,2014,2014,12,1,-19.40115,160.37675,"Pyrosomella van Soest, 1979",Chordata,Thaliacea,Pyrosomatida,Pyrosomatidae,NaN,Pyrosomella,NaN,"Pyrosomella"
1851007545,,NaN,2014,2014,12,1,-19.40115,160.37675,"Pyrosomella van Soest, 1979",Chordata,Thaliacea,Pyrosomatida,Pyrosomatidae,NaN,Pyrosomella,NaN,"Pyrosomella"
1851007540,,NaN,2014,2014,12,1,-19.40115,160.37675,"Pyrosomella van Soest, 1979",Chordata,Thaliacea,Pyrosomatida,Pyrosomatidae,NaN,Pyrosomella,NaN,"Pyrosomella"
1851007538,,NaN,2014,2014,12,1,-19.40115,160.37675,"Pyrosomella van Soest, 1979",Chordata,Thaliacea,Pyrosomatida,Pyrosomatidae,NaN,Pyrosomella,NaN,"Pyrosomella"
1851007528,,NaN,2014,2014,12,1,-19.40115,160.37675,"Pyrosomella van Soest, 1979",Chordata,Thaliacea,Pyrosomatida,Pyrosomatidae,NaN,Pyrosomella,NaN,"Pyrosomella"
1851007524,,NaN,2014,2014,12,1,-19.40115,160.37675,"Pyrosomella van Soest, 1979",Chordata,Thaliacea,Pyrosomatida,Pyrosomatidae,NaN,Pyrosomella,NaN,"Pyrosomella"
1851007522,,NaN,2014,2014,12,1,-19.40115,160.37675,"Pyrosomella van Soest, 1979",Chordata,Thaliacea,Pyrosomatida,Pyrosomatidae,NaN,Pyrosomella,NaN,"Pyrosomella"
1851007518,,NaN,2014,2014,12,1,-19.40115,160.37675,"Pyrosomella van Soest, 1979",Chordata,Thaliacea,Pyrosomatida,Pyrosomatidae,NaN,Pyrosomella,NaN,"Pyrosomella"
1851007512,,NaN,2014,2014,12,1,-19.40115,160.37675,"Pyrosomella van Soest, 1979",Chordata,Thaliacea,Pyrosomatida,Pyrosomatidae,NaN,Pyrosomella,NaN,"Pyrosomella"
1851007509,,NaN,2014,2014,12,1,-19.40115,160.37675,"Pyrosomella van Soest, 1979",Chordata,Thaliacea,Pyrosomatida,Pyrosomatidae,NaN,Pyrosomella,NaN,"Pyrosomella"
1851007505,,NaN,2014,2014,12,1,-19.40115,160.37675,"Pyrosomella van Soest, 1979",Chordata,Thaliacea,Pyrosomatida,Pyrosomatidae,NaN,Pyrosomella,NaN,"Pyrosomella"
1851007503,,NaN,2014,2014,12,1,-19.40115,160.37675,"Pyrosomella van Soest, 1979",Chordata,Thaliacea,Pyrosomatida,Pyrosomatidae,NaN,Pyrosomella,NaN,"Pyrosomella"
1851007263,,NaN,2014,2014,12,1,-19.40115,160.37675,"Pyrosomella van Soest, 1979",Chordata,Thaliacea,Pyrosomatida,Pyrosomatidae,NaN,Pyrosomella,NaN,"Pyrosomella"
1851006520,,NaN,2014,2014,11,29,-23.050833,162.483333,"Pyrosomella van Soest, 1979",Chordata,Thaliacea,Pyrosomatida,Pyrosomatidae,NaN,Pyrosomella,110,"Pyrosomella"
1851006503,,NaN,2014,2014,11,29,-23.050833,162.483333,"Pyrosomella van Soest, 1979",Chordata,Thaliacea,Pyrosomatida,Pyrosomatidae,NaN,Pyrosomella,110,"Pyrosomella"
1851006422,,NaN,2014,2014,11,29,-23.050833,162.483333,"Pyrosomella van Soest, 1979",Chordata,Thaliacea,Pyrosomatida,Pyrosomatidae,NaN,Pyrosomella,110,"Pyrosomella"
1851006293,,NaN,2014,2014,11,29,-23.050833,162.483333,"Pyrosomella van Soest, 1979",Chordata,Thaliacea,Pyrosomatida,Pyrosomatidae,NaN,Pyrosomella,110,"Pyrosomella"
1851006290,,NaN,2014,2014,11,29,-23.050833,162.483333,"Pyrosomella van Soest, 1979",Chordata,Thaliacea,Pyrosomatida,Pyrosomatidae,NaN,Pyrosomella,110,"Pyrosomella"
1851006285,,NaN,2014,2014,11,29,-23.050833,162.483333,"Pyrosomella van Soest, 1979",Chordata,Thaliacea,Pyrosomatida,Pyrosomatidae,NaN,Pyrosomella,110,"Pyrosomella"
1851006268,,NaN,2014,2014,11,29,-23.050833,162.483333,"Pyrosomella van Soest, 1979",Chordata,Thaliacea,Pyrosomatida,Pyrosomatidae,NaN,Pyrosomella,110,"Pyrosomella"
1851006265,,NaN,2014,2014,11,29,-23.050833,162.483333,"Pyrosomella van Soest, 1979",Chordata,Thaliacea,Pyrosomatida,Pyrosomatidae,NaN,Pyrosomella,110,"Pyrosomella"
1851006264,,NaN,2014,2014,11,29,-23.050833,162.483333,"Pyrosomella van Soest, 1979",Chordata,Thaliacea,Pyrosomatida,Pyrosomatidae,NaN,Pyrosomella,110,"Pyrosomella"
1851006262,,NaN,2014,2014,11,29,-23.050833,162.483333,"Pyrosomella van Soest, 1979",Chordata,Thaliacea,Pyrosomatida,Pyrosomatidae,NaN,Pyrosomella,110,"Pyrosomella"
1851006260,,NaN,2014,2014,11,29,-23.050833,162.483333,"Pyrosomella van Soest, 1979",Chordata,Thaliacea,Pyrosomatida,Pyrosomatidae,NaN,Pyrosomella,110,"Pyrosomella"
1851006257,,NaN,2014,2014,11,29,-23.050833,162.483333,"Pyrosomella van Soest, 1979",Chordata,Thaliacea,Pyrosomatida,Pyrosomatidae,NaN,Pyrosomella,110,"Pyrosomella"
1851006247,,NaN,2014,2014,11,29,-23.050833,162.483333,"Pyrosomella van Soest, 1979",Chordata,Thaliacea,Pyrosomatida,Pyrosomatidae,NaN,Pyrosomella,110,"Pyrosomella"
1851006234,,NaN,2014,2014,11,29,-23.050833,162.483333,"Pyrosomella van Soest, 1979",Chordata,Thaliacea,Pyrosomatida,Pyrosomatidae,NaN,Pyrosomella,110,"Pyrosomella"
1851006233,,NaN,2014,2014,11,29,-23.050833,162.483333,"Pyrosomella van Soest, 1979",Chordata,Thaliacea,Pyrosomatida,Pyrosomatidae,NaN,Pyrosomella,110,"Pyrosomella"
1851006230,,NaN,2014,2014,11,29,-23.050833,162.483333,"Pyrosomella van Soest, 1979",Chordata,Thaliacea,Pyrosomatida,Pyrosomatidae,NaN,Pyrosomella,110,"Pyrosomella"
1851006228,,NaN,2014,2014,11,29,-23.050833,162.483333,"Pyrosomella van Soest, 1979",Chordata,Thaliacea,Pyrosomatida,Pyrosomatidae,NaN,Pyrosomella,110,"Pyrosomella"
1851006220,,NaN,2014,2014,11,29,-23.050833,162.483333,"Pyrosomella van Soest, 1979",Chordata,Thaliacea,Pyrosomatida,Pyrosomatidae,NaN,Pyrosomella,110,"Pyrosomella"
1851006218,,NaN,2014,2014,11,29,-23.050833,162.483333,"Pyrosomella van Soest, 1979",Chordata,Thaliacea,Pyrosomatida,Pyrosomatidae,NaN,Pyrosomella,110,"Pyrosomella"
1851006215,,NaN,2014,2014,11,29,-23.050833,162.483333,"Pyrosomella van Soest, 1979",Chordata,Thaliacea,Pyrosomatida,Pyrosomatidae,NaN,Pyrosomella,110,"Pyrosomella"
1851006209,,NaN,2014,2014,11,29,-23.050833,162.483333,"Pyrosomella van Soest, 1979",Chordata,Thaliacea,Pyrosomatida,Pyrosomatidae,NaN,Pyrosomella,110,"Pyrosomella"
1851006203,,NaN,2014,2014,11,29,-23.050833,162.483333,"Pyrosomella van Soest, 1979",Chordata,Thaliacea,Pyrosomatida,Pyrosomatidae,NaN,Pyrosomella,110,"Pyrosomella"
1851006202,,NaN,2014,2014,11,29,-23.050833,162.483333,"Pyrosomella van Soest, 1979",Chordata,Thaliacea,Pyrosomatida,Pyrosomatidae,NaN,Pyrosomella,110,"Pyrosomella"
1851006192,,NaN,2014,2014,11,29,-23.050833,162.483333,"Pyrosomella van Soest, 1979",Chordata,Thaliacea,Pyrosomatida,Pyrosomatidae,NaN,Pyrosomella,110,"Pyrosomella"
1851006175,,NaN,2014,2014,11,29,-23.050833,162.483333,"Pyrosomella van Soest, 1979",Chordata,Thaliacea,Pyrosomatida,Pyrosomatidae,NaN,Pyrosomella,110,"Pyrosomella"
1851006160,,NaN,2014,2014,11,29,-23.050833,162.483333,"Pyrosomella van Soest, 1979",Chordata,Thaliacea,Pyrosomatida,Pyrosomatidae,NaN,Pyrosomella,110,"Pyrosomella"
1851006154,,NaN,2014,2014,11,29,-23.050833,162.483333,"Pyrosomella van Soest, 1979",Chordata,Thaliacea,Pyrosomatida,Pyrosomatidae,NaN,Pyrosomella,110,"Pyrosomella"
1851006149,,NaN,2014,2014,11,29,-23.050833,162.483333,"Pyrosomella van Soest, 1979",Chordata,Thaliacea,Pyrosomatida,Pyrosomatidae,NaN,Pyrosomella,110,"Pyrosomella"
1851006147,,NaN,2014,2014,11,29,-23.050833,162.483333,"Pyrosomella van Soest, 1979",Chordata,Thaliacea,Pyrosomatida,Pyrosomatidae,NaN,Pyrosomella,110,"Pyrosomella"
1851006139,,NaN,2014,2014,11,29,-23.050833,162.483333,"Pyrosomella van Soest, 1979",Chordata,Thaliacea,Pyrosomatida,Pyrosomatidae,NaN,Pyrosomella,110,"Pyrosomella"
1851006135,,NaN,2014,2014,11,29,-23.050833,162.483333,"Pyrosomella van Soest, 1979",Chordata,Thaliacea,Pyrosomatida,Pyrosomatidae,NaN,Pyrosomella,110,"Pyrosomella"
1851006132,,NaN,2014,2014,11,29,-23.050833,162.483333,"Pyrosomella van Soest, 1979",Chordata,Thaliacea,Pyrosomatida,Pyrosomatidae,NaN,Pyrosomella,110,"Pyrosomella"
1851006129,,NaN,2014,2014,11,29,-23.050833,162.483333,"Pyrosomella van Soest, 1979",Chordata,Thaliacea,Pyrosomatida,Pyrosomatidae,NaN,Pyrosomella,110,"Pyrosomella"
1851006124,,NaN,2014,2014,11,29,-23.050833,162.483333,"Pyrosomella van Soest, 1979",Chordata,Thaliacea,Pyrosomatida,Pyrosomatidae,NaN,Pyrosomella,110,"Pyrosomella"
1851006123,,NaN,2014,2014,11,29,-23.050833,162.483333,"Pyrosomella van Soest, 1979",Chordata,Thaliacea,Pyrosomatida,Pyrosomatidae,NaN,Pyrosomella,110,"Pyrosomella"
1851006118,,NaN,2014,2014,11,29,-23.050833,162.483333,"Pyrosomella van Soest, 1979",Chordata,Thaliacea,Pyrosomatida,Pyrosomatidae,NaN,Pyrosomella,110,"Pyrosomella"
1851006115,,NaN,2014,2014,11,29,-23.050833,162.483333,"Pyrosomella van Soest, 1979",Chordata,Thaliacea,Pyrosomatida,Pyrosomatidae,NaN,Pyrosomella,110,"Pyrosomella"
1851006110,,NaN,2014,2014,11,29,-23.050833,162.483333,"Pyrosomella van Soest, 1979",Chordata,Thaliacea,Pyrosomatida,Pyrosomatidae,NaN,Pyrosomella,110,"Pyrosomella"
1851006108,,NaN,2014,2014,11,29,-23.050833,162.483333,"Pyrosomella van Soest, 1979",Chordata,Thaliacea,Pyrosomatida,Pyrosomatidae,NaN,Pyrosomella,110,"Pyrosomella"
1851006106,,NaN,2014,2014,11,29,-23.050833,162.483333,"Pyrosomella van Soest, 1979",Chordata,Thaliacea,Pyrosomatida,Pyrosomatidae,NaN,Pyrosomella,110,"Pyrosomella"
1851006104,,NaN,2014,2014,11,29,-23.050833,162.483333,"Pyrosomella van Soest, 1979",Chordata,Thaliacea,Pyrosomatida,Pyrosomatidae,NaN,Pyrosomella,110,"Pyrosomella"
1851006103,,NaN,2014,2014,11,29,-23.050833,162.483333,"Pyrosomella van Soest, 1979",Chordata,Thaliacea,Pyrosomatida,Pyrosomatidae,NaN,Pyrosomella,110,"Pyrosomella"
1851005999,,NaN,2014,2014,11,29,-23.050833,162.483333,"Pyrosomella van Soest, 1979",Chordata,Thaliacea,Pyrosomatida,Pyrosomatidae,NaN,Pyrosomella,110,"Pyrosomella"
1851005998,,NaN,2014,2014,11,29,-23.050833,162.483333,"Pyrosomella van Soest, 1979",Chordata,Thaliacea,Pyrosomatida,Pyrosomatidae,NaN,Pyrosomella,110,"Pyrosomella"
1851005995,,NaN,2014,2014,11,29,-23.050833,162.483333,"Pyrosomella van Soest, 1979",Chordata,Thaliacea,Pyrosomatida,Pyrosomatidae,NaN,Pyrosomella,110,"Pyrosomella"
1851005991,,NaN,2014,2014,11,29,-23.050833,162.483333,"Pyrosomella van Soest, 1979",Chordata,Thaliacea,Pyrosomatida,Pyrosomatidae,NaN,Pyrosomella,110,"Pyrosomella"
1851005980,,NaN,2014,2014,11,29,-23.050833,162.483333,"Pyrosomella van Soest, 1979",Chordata,Thaliacea,Pyrosomatida,Pyrosomatidae,NaN,Pyrosomella,110,"Pyrosomella"
1851005950,,NaN,2014,2014,11,29,-23.050833,162.483333,"Pyrosomella van Soest, 1979",Chordata,Thaliacea,Pyrosomatida,Pyrosomatidae,NaN,Pyrosomella,110,"Pyrosomella"
1851005944,,NaN,2014,2014,11,29,-23.050833,162.483333,"Pyrosomella van Soest, 1979",Chordata,Thaliacea,Pyrosomatida,Pyrosomatidae,NaN,Pyrosomella,110,"Pyrosomella"
1851005900,,NaN,2014,2014,11,29,-23.050833,162.483333,"Pyrosomella van Soest, 1979",Chordata,Thaliacea,Pyrosomatida,Pyrosomatidae,NaN,Pyrosomella,110,"Pyrosomella"
1851005898,,NaN,2014,2014,11,29,-23.050833,162.483333,"Pyrosomella van Soest, 1979",Chordata,Thaliacea,Pyrosomatida,Pyrosomatidae,NaN,Pyrosomella,110,"Pyrosomella"
1851005896,,NaN,2014,2014,11,29,-23.050833,162.483333,"Pyrosomella van Soest, 1979",Chordata,Thaliacea,Pyrosomatida,Pyrosomatidae,NaN,Pyrosomella,110,"Pyrosomella"
1851005888,,NaN,2014,2014,11,29,-23.050833,162.483333,"Pyrosomella van Soest, 1979",Chordata,Thaliacea,Pyrosomatida,Pyrosomatidae,NaN,Pyrosomella,110,"Pyrosomella"
1851005886,,NaN,2014,2014,11,29,-23.050833,162.483333,"Pyrosomella van Soest, 1979",Chordata,Thaliacea,Pyrosomatida,Pyrosomatidae,NaN,Pyrosomella,110,"Pyrosomella"
1851005884,,NaN,2014,2014,11,29,-23.050833,162.483333,"Pyrosomella van Soest, 1979",Chordata,Thaliacea,Pyrosomatida,Pyrosomatidae,NaN,Pyrosomella,110,"Pyrosomella"
1851005883,,NaN,2014,2014,11,29,-23.050833,162.483333,"Pyrosomella van Soest, 1979",Chordata,Thaliacea,Pyrosomatida,Pyrosomatidae,NaN,Pyrosomella,110,"Pyrosomella"
1851005882,,NaN,2014,2014,11,29,-23.050833,162.483333,"Pyrosomella van Soest, 1979",Chordata,Thaliacea,Pyrosomatida,Pyrosomatidae,NaN,Pyrosomella,110,"Pyrosomella"
1851005876,,NaN,2014,2014,11,29,-23.050833,162.483333,"Pyrosomella van Soest, 1979",Chordata,Thaliacea,Pyrosomatida,Pyrosomatidae,NaN,Pyrosomella,110,"Pyrosomella"
1851005867,,NaN,2014,2014,11,29,-23.050833,162.483333,"Pyrosomella van Soest, 1979",Chordata,Thaliacea,Pyrosomatida,Pyrosomatidae,NaN,Pyrosomella,110,"Pyrosomella"
1851005866,,NaN,2014,2014,11,29,-23.050833,162.483333,"Pyrosomella van Soest, 1979",Chordata,Thaliacea,Pyrosomatida,Pyrosomatidae,NaN,Pyrosomella,110,"Pyrosomella"
1851005861,,NaN,2014,2014,11,29,-23.050833,162.483333,"Pyrosomella van Soest, 1979",Chordata,Thaliacea,Pyrosomatida,Pyrosomatidae,NaN,Pyrosomella,110,"Pyrosomella"
1851005858,,NaN,2014,2014,11,29,-23.050833,162.483333,"Pyrosomella van Soest, 1979",Chordata,Thaliacea,Pyrosomatida,Pyrosomatidae,NaN,Pyrosomella,110,"Pyrosomella"
1851005852,,NaN,2014,2014,11,29,-23.050833,162.483333,"Pyrosomella van Soest, 1979",Chordata,Thaliacea,Pyrosomatida,Pyrosomatidae,NaN,Pyrosomella,110,"Pyrosomella"
1851005837,,NaN,2014,2014,11,29,-23.050833,162.483333,"Pyrosomella van Soest, 1979",Chordata,Thaliacea,Pyrosomatida,Pyrosomatidae,NaN,Pyrosomella,110,"Pyrosomella"
1851005812,,NaN,2014,2014,11,29,-23.050833,162.483333,"Pyrosomella van Soest, 1979",Chordata,Thaliacea,Pyrosomatida,Pyrosomatidae,NaN,Pyrosomella,110,"Pyrosomella"
1851004917,,NaN,2014,2014,11,29,-23.050833,162.483333,"Pyrosomella van Soest, 1979",Chordata,Thaliacea,Pyrosomatida,Pyrosomatidae,NaN,Pyrosomella,110,"Pyrosomella"
1851004910,,NaN,2014,2014,11,29,-23.050833,162.483333,"Pyrosomella van Soest, 1979",Chordata,Thaliacea,Pyrosomatida,Pyrosomatidae,NaN,Pyrosomella,110,"Pyrosomella"
1851004692,,NaN,2014,2014,11,29,-23.050833,162.483333,"Pyrosomella van Soest, 1979",Chordata,Thaliacea,Pyrosomatida,Pyrosomatidae,NaN,Pyrosomella,110,"Pyrosomella"
1851004680,,NaN,2014,2014,11,29,-23.050833,162.483333,"Pyrosomella van Soest, 1979",Chordata,Thaliacea,Pyrosomatida,Pyrosomatidae,NaN,Pyrosomella,110,"Pyrosomella"
1851004679,,NaN,2014,2014,11,29,-23.050833,162.483333,"Pyrosomella van Soest, 1979",Chordata,Thaliacea,Pyrosomatida,Pyrosomatidae,NaN,Pyrosomella,110,"Pyrosomella"
1851004673,,NaN,2014,2014,11,29,-23.050833,162.483333,"Pyrosomella van Soest, 1979",Chordata,Thaliacea,Pyrosomatida,Pyrosomatidae,NaN,Pyrosomella,110,"Pyrosomella"
1851004657,,NaN,2014,2014,11,29,-23.050833,162.483333,"Pyrosomella van Soest, 1979",Chordata,Thaliacea,Pyrosomatida,Pyrosomatidae,NaN,Pyrosomella,110,"Pyrosomella"
1851004655,,NaN,2014,2014,11,29,-23.050833,162.483333,"Pyrosomella van Soest, 1979",Chordata,Thaliacea,Pyrosomatida,Pyrosomatidae,NaN,Pyrosomella,110,"Pyrosomella"
1851004652,,NaN,2014,2014,11,29,-23.050833,162.483333,"Pyrosomella van Soest, 1979",Chordata,Thaliacea,Pyrosomatida,Pyrosomatidae,NaN,Pyrosomella,110,"Pyrosomella"
1851004651,,NaN,2014,2014,11,29,-23.050833,162.483333,"Pyrosomella van Soest, 1979",Chordata,Thaliacea,Pyrosomatida,Pyrosomatidae,NaN,Pyrosomella,110,"Pyrosomella"
1851004650,,NaN,2014,2014,11,29,-23.050833,162.483333,"Pyrosomella van Soest, 1979",Chordata,Thaliacea,Pyrosomatida,Pyrosomatidae,NaN,Pyrosomella,110,"Pyrosomella"
1851004647,,NaN,2014,2014,11,29,-23.050833,162.483333,"Pyrosomella van Soest, 1979",Chordata,Thaliacea,Pyrosomatida,Pyrosomatidae,NaN,Pyrosomella,110,"Pyrosomella"
1851004638,,NaN,2014,2014,11,29,-23.050833,162.483333,"Pyrosomella van Soest, 1979",Chordata,Thaliacea,Pyrosomatida,Pyrosomatidae,NaN,Pyrosomella,110,"Pyrosomella"
1851004629,,NaN,2014,2014,11,29,-23.050833,162.483333,"Pyrosomella van Soest, 1979",Chordata,Thaliacea,Pyrosomatida,Pyrosomatidae,NaN,Pyrosomella,110,"Pyrosomella"
1851004623,,NaN,2014,2014,11,29,-23.050833,162.483333,"Pyrosomella van Soest, 1979",Chordata,Thaliacea,Pyrosomatida,Pyrosomatidae,NaN,Pyrosomella,110,"Pyrosomella"
1851004617,,NaN,2014,2014,11,29,-23.050833,162.483333,"Pyrosomella van Soest, 1979",Chordata,Thaliacea,Pyrosomatida,Pyrosomatidae,NaN,Pyrosomella,110,"Pyrosomella"
1851004611,,NaN,2014,2014,11,29,-23.050833,162.483333,"Pyrosomella van Soest, 1979",Chordata,Thaliacea,Pyrosomatida,Pyrosomatidae,NaN,Pyrosomella,110,"Pyrosomella"
1851004610,,NaN,2014,2014,11,29,-23.050833,162.483333,"Pyrosomella van Soest, 1979",Chordata,Thaliacea,Pyrosomatida,Pyrosomatidae,NaN,Pyrosomella,110,"Pyrosomella"
1851004607,,NaN,2014,2014,11,29,-23.050833,162.483333,"Pyrosomella van Soest, 1979",Chordata,Thaliacea,Pyrosomatida,Pyrosomatidae,NaN,Pyrosomella,110,"Pyrosomella"
1851004605,,NaN,2014,2014,11,29,-23.050833,162.483333,"Pyrosomella van Soest, 1979",Chordata,Thaliacea,Pyrosomatida,Pyrosomatidae,NaN,Pyrosomella,110,"Pyrosomella"
1851004604,,NaN,2014,2014,11,29,-23.050833,162.483333,"Pyrosomella van Soest, 1979",Chordata,Thaliacea,Pyrosomatida,Pyrosomatidae,NaN,Pyrosomella,110,"Pyrosomella"
1851004602,,NaN,2014,2014,11,29,-23.050833,162.483333,"Pyrosomella van Soest, 1979",Chordata,Thaliacea,Pyrosomatida,Pyrosomatidae,NaN,Pyrosomella,110,"Pyrosomella"
1851004601,,NaN,2014,2014,11,29,-23.050833,162.483333,"Pyrosomella van Soest, 1979",Chordata,Thaliacea,Pyrosomatida,Pyrosomatidae,NaN,Pyrosomella,110,"Pyrosomella"
1851004500,,NaN,2014,2014,11,29,-23.050833,162.483333,"Pyrosomella van Soest, 1979",Chordata,Thaliacea,Pyrosomatida,Pyrosomatidae,NaN,Pyrosomella,110,"Pyrosomella"
1851004493,,NaN,2014,2014,11,29,-23.050833,162.483333,"Pyrosomella van Soest, 1979",Chordata,Thaliacea,Pyrosomatida,Pyrosomatidae,NaN,Pyrosomella,110,"Pyrosomella"
1851004492,,NaN,2014,2014,11,29,-23.050833,162.483333,"Pyrosomella van Soest, 1979",Chordata,Thaliacea,Pyrosomatida,Pyrosomatidae,NaN,Pyrosomella,110,"Pyrosomella"
1851004488,,NaN,2014,2014,11,29,-23.050833,162.483333,"Pyrosomella van Soest, 1979",Chordata,Thaliacea,Pyrosomatida,Pyrosomatidae,NaN,Pyrosomella,110,"Pyrosomella"
1851004482,,NaN,2014,2014,11,29,-23.050833,162.483333,"Pyrosomella van Soest, 1979",Chordata,Thaliacea,Pyrosomatida,Pyrosomatidae,NaN,Pyrosomella,110,"Pyrosomella"
1851004481,,NaN,2014,2014,11,29,-23.050833,162.483333,"Pyrosomella van Soest, 1979",Chordata,Thaliacea,Pyrosomatida,Pyrosomatidae,NaN,Pyrosomella,110,"Pyrosomella"
1851004479,,NaN,2014,2014,11,29,-23.050833,162.483333,"Pyrosomella van Soest, 1979",Chordata,Thaliacea,Pyrosomatida,Pyrosomatidae,NaN,Pyrosomella,110,"Pyrosomella"
1851004474,,NaN,2014,2014,11,29,-23.050833,162.483333,"Pyrosomella van Soest, 1979",Chordata,Thaliacea,Pyrosomatida,Pyrosomatidae,NaN,Pyrosomella,110,"Pyrosomella"
1851004473,,NaN,2014,2014,11,29,-23.050833,162.483333,"Pyrosomella van Soest, 1979",Chordata,Thaliacea,Pyrosomatida,Pyrosomatidae,NaN,Pyrosomella,110,"Pyrosomella"
1851004466,,NaN,2014,2014,11,29,-23.050833,162.483333,"Pyrosomella van Soest, 1979",Chordata,Thaliacea,Pyrosomatida,Pyrosomatidae,NaN,Pyrosomella,110,"Pyrosomella"
1851004458,,NaN,2014,2014,11,29,-23.050833,162.483333,"Pyrosomella van Soest, 1979",Chordata,Thaliacea,Pyrosomatida,Pyrosomatidae,NaN,Pyrosomella,110,"Pyrosomella"
1851004446,,NaN,2014,2014,11,29,-23.050833,162.483333,"Pyrosomella van Soest, 1979",Chordata,Thaliacea,Pyrosomatida,Pyrosomatidae,NaN,Pyrosomella,110,"Pyrosomella"
1851004312,,NaN,2014,2014,11,26,-23.50305,165.20455,"Pyrosomella van Soest, 1979",Chordata,Thaliacea,Pyrosomatida,Pyrosomatidae,NaN,Pyrosomella,35,"Pyrosomella"
1851004308,,NaN,2014,2014,11,26,-23.50305,165.20455,"Pyrosomella van Soest, 1979",Chordata,Thaliacea,Pyrosomatida,Pyrosomatidae,NaN,Pyrosomella,35,"Pyrosomella"
1851004305,,NaN,2014,2014,11,26,-23.50305,165.20455,"Pyrosomella van Soest, 1979",Chordata,Thaliacea,Pyrosomatida,Pyrosomatidae,NaN,Pyrosomella,35,"Pyrosomella"
1851004222,,NaN,2014,2014,11,26,-23.50305,165.20455,"Pyrosomella van Soest, 1979",Chordata,Thaliacea,Pyrosomatida,Pyrosomatidae,NaN,Pyrosomella,35,"Pyrosomella"
1851004090,,NaN,2014,2014,11,26,-23.50305,165.20455,"Pyrosomella van Soest, 1979",Chordata,Thaliacea,Pyrosomatida,Pyrosomatidae,NaN,Pyrosomella,35,"Pyrosomella"
1851004087,,NaN,2014,2014,11,26,-23.50305,165.20455,"Pyrosomella van Soest, 1979",Chordata,Thaliacea,Pyrosomatida,Pyrosomatidae,NaN,Pyrosomella,35,"Pyrosomella"
1851004078,,NaN,2014,2014,11,26,-23.50305,165.20455,"Pyrosomella van Soest, 1979",Chordata,Thaliacea,Pyrosomatida,Pyrosomatidae,NaN,Pyrosomella,35,"Pyrosomella"
1851004075,,NaN,2014,2014,11,26,-23.50305,165.20455,"Pyrosomella van Soest, 1979",Chordata,Thaliacea,Pyrosomatida,Pyrosomatidae,NaN,Pyrosomella,35,"Pyrosomella"
1851004074,,NaN,2014,2014,11,26,-23.50305,165.20455,"Pyrosomella van Soest, 1979",Chordata,Thaliacea,Pyrosomatida,Pyrosomatidae,NaN,Pyrosomella,35,"Pyrosomella"
1851004070,,NaN,2014,2014,11,26,-23.50305,165.20455,"Pyrosomella van Soest, 1979",Chordata,Thaliacea,Pyrosomatida,Pyrosomatidae,NaN,Pyrosomella,35,"Pyrosomella"
1851004068,,NaN,2014,2014,11,26,-23.50305,165.20455,"Pyrosomella van Soest, 1979",Chordata,Thaliacea,Pyrosomatida,Pyrosomatidae,NaN,Pyrosomella,35,"Pyrosomella"
1851004066,,NaN,2014,2014,11,26,-23.50305,165.20455,"Pyrosomella van Soest, 1979",Chordata,Thaliacea,Pyrosomatida,Pyrosomatidae,NaN,Pyrosomella,35,"Pyrosomella"
1851004061,,NaN,2014,2014,11,26,-23.50305,165.20455,"Pyrosomella van Soest, 1979",Chordata,Thaliacea,Pyrosomatida,Pyrosomatidae,NaN,Pyrosomella,35,"Pyrosomella"
1851004058,,NaN,2014,2014,11,26,-23.50305,165.20455,"Pyrosomella van Soest, 1979",Chordata,Thaliacea,Pyrosomatida,Pyrosomatidae,NaN,Pyrosomella,35,"Pyrosomella"
1851004057,,NaN,2014,2014,11,26,-23.50305,165.20455,"Pyrosomella van Soest, 1979",Chordata,Thaliacea,Pyrosomatida,Pyrosomatidae,NaN,Pyrosomella,35,"Pyrosomella"
1851004056,,NaN,2014,2014,11,26,-23.50305,165.20455,"Pyrosomella van Soest, 1979",Chordata,Thaliacea,Pyrosomatida,Pyrosomatidae,NaN,Pyrosomella,35,"Pyrosomella"
1851004053,,NaN,2014,2014,11,26,-23.50305,165.20455,"Pyrosomella van Soest, 1979",Chordata,Thaliacea,Pyrosomatida,Pyrosomatidae,NaN,Pyrosomella,35,"Pyrosomella"
1851004051,,NaN,2014,2014,11,26,-23.50305,165.20455,"Pyrosomella van Soest, 1979",Chordata,Thaliacea,Pyrosomatida,Pyrosomatidae,NaN,Pyrosomella,35,"Pyrosomella"
1851004050,,NaN,2014,2014,11,26,-23.50305,165.20455,"Pyrosomella van Soest, 1979",Chordata,Thaliacea,Pyrosomatida,Pyrosomatidae,NaN,Pyrosomella,35,"Pyrosomella"
1851004047,,NaN,2014,2014,11,26,-23.50305,165.20455,"Pyrosomella van Soest, 1979",Chordata,Thaliacea,Pyrosomatida,Pyrosomatidae,NaN,Pyrosomella,35,"Pyrosomella"
1851004045,,NaN,2014,2014,11,26,-23.50305,165.20455,"Pyrosomella van Soest, 1979",Chordata,Thaliacea,Pyrosomatida,Pyrosomatidae,NaN,Pyrosomella,35,"Pyrosomella"
1851004042,,NaN,2014,2014,11,26,-23.50305,165.20455,"Pyrosomella van Soest, 1979",Chordata,Thaliacea,Pyrosomatida,Pyrosomatidae,NaN,Pyrosomella,35,"Pyrosomella"
1851004040,,NaN,2014,2014,11,26,-23.50305,165.20455,"Pyrosomella van Soest, 1979",Chordata,Thaliacea,Pyrosomatida,Pyrosomatidae,NaN,Pyrosomella,35,"Pyrosomella"
1851004038,,NaN,2014,2014,11,26,-23.50305,165.20455,"Pyrosomella van Soest, 1979",Chordata,Thaliacea,Pyrosomatida,Pyrosomatidae,NaN,Pyrosomella,35,"Pyrosomella"
1851004030,,NaN,2014,2014,11,26,-23.50305,165.20455,"Pyrosomella van Soest, 1979",Chordata,Thaliacea,Pyrosomatida,Pyrosomatidae,NaN,Pyrosomella,35,"Pyrosomella"
1851004027,,NaN,2014,2014,11,26,-23.50305,165.20455,"Pyrosomella van Soest, 1979",Chordata,Thaliacea,Pyrosomatida,Pyrosomatidae,NaN,Pyrosomella,35,"Pyrosomella"
1851004019,,NaN,2014,2014,11,26,-23.50305,165.20455,"Pyrosomella van Soest, 1979",Chordata,Thaliacea,Pyrosomatida,Pyrosomatidae,NaN,Pyrosomella,35,"Pyrosomella"
1851004014,,NaN,2014,2014,11,26,-23.50305,165.20455,"Pyrosomella van Soest, 1979",Chordata,Thaliacea,Pyrosomatida,Pyrosomatidae,NaN,Pyrosomella,35,"Pyrosomella"
1851004010,,NaN,2014,2014,11,26,-23.50305,165.20455,"Pyrosomella van Soest, 1979",Chordata,Thaliacea,Pyrosomatida,Pyrosomatidae,NaN,Pyrosomella,35,"Pyrosomella"
1851004006,,NaN,2014,2014,11,26,-23.50305,165.20455,"Pyrosomella van Soest, 1979",Chordata,Thaliacea,Pyrosomatida,Pyrosomatidae,NaN,Pyrosomella,35,"Pyrosomella"
1851003970,,NaN,2014,2014,11,26,-23.50305,165.20455,"Pyrosomella van Soest, 1979",Chordata,Thaliacea,Pyrosomatida,Pyrosomatidae,NaN,Pyrosomella,35,"Pyrosomella"
1851003963,,NaN,2014,2014,11,26,-23.50305,165.20455,"Pyrosomella van Soest, 1979",Chordata,Thaliacea,Pyrosomatida,Pyrosomatidae,NaN,Pyrosomella,35,"Pyrosomella"
1851003961,,NaN,2014,2014,11,26,-23.50305,165.20455,"Pyrosomella van Soest, 1979",Chordata,Thaliacea,Pyrosomatida,Pyrosomatidae,NaN,Pyrosomella,35,"Pyrosomella"
1851003959,,NaN,2014,2014,11,26,-23.50305,165.20455,"Pyrosomella van Soest, 1979",Chordata,Thaliacea,Pyrosomatida,Pyrosomatidae,NaN,Pyrosomella,35,"Pyrosomella"
1851003955,,NaN,2014,2014,11,26,-23.50305,165.20455,"Pyrosomella van Soest, 1979",Chordata,Thaliacea,Pyrosomatida,Pyrosomatidae,NaN,Pyrosomella,35,"Pyrosomella"
1851003954,,NaN,2014,2014,11,26,-23.50305,165.20455,"Pyrosomella van Soest, 1979",Chordata,Thaliacea,Pyrosomatida,Pyrosomatidae,NaN,Pyrosomella,35,"Pyrosomella"
1851003950,,NaN,2014,2014,11,26,-23.50305,165.20455,"Pyrosomella van Soest, 1979",Chordata,Thaliacea,Pyrosomatida,Pyrosomatidae,NaN,Pyrosomella,35,"Pyrosomella"
1851003942,,NaN,2014,2014,11,26,-23.50305,165.20455,"Pyrosomella van Soest, 1979",Chordata,Thaliacea,Pyrosomatida,Pyrosomatidae,NaN,Pyrosomella,35,"Pyrosomella"
1851003935,,NaN,2014,2014,11,26,-23.50305,165.20455,"Pyrosomella van Soest, 1979",Chordata,Thaliacea,Pyrosomatida,Pyrosomatidae,NaN,Pyrosomella,35,"Pyrosomella"
1851003934,,NaN,2014,2014,11,26,-23.50305,165.20455,"Pyrosomella van Soest, 1979",Chordata,Thaliacea,Pyrosomatida,Pyrosomatidae,NaN,Pyrosomella,35,"Pyrosomella"
1851003931,,NaN,2014,2014,11,26,-23.50305,165.20455,"Pyrosomella van Soest, 1979",Chordata,Thaliacea,Pyrosomatida,Pyrosomatidae,NaN,Pyrosomella,35,"Pyrosomella"
1851003930,,NaN,2014,2014,11,26,-23.50305,165.20455,"Pyrosomella van Soest, 1979",Chordata,Thaliacea,Pyrosomatida,Pyrosomatidae,NaN,Pyrosomella,35,"Pyrosomella"
1851003929,,NaN,2014,2014,11,26,-23.50305,165.20455,"Pyrosomella van Soest, 1979",Chordata,Thaliacea,Pyrosomatida,Pyrosomatidae,NaN,Pyrosomella,35,"Pyrosomella"
1851003927,,NaN,2014,2014,11,26,-23.50305,165.20455,"Pyrosomella van Soest, 1979",Chordata,Thaliacea,Pyrosomatida,Pyrosomatidae,NaN,Pyrosomella,35,"Pyrosomella"
1851003925,,NaN,2014,2014,11,26,-23.50305,165.20455,"Pyrosomella van Soest, 1979",Chordata,Thaliacea,Pyrosomatida,Pyrosomatidae,NaN,Pyrosomella,35,"Pyrosomella"
1851003923,,NaN,2014,2014,11,26,-23.50305,165.20455,"Pyrosomella van Soest, 1979",Chordata,Thaliacea,Pyrosomatida,Pyrosomatidae,NaN,Pyrosomella,35,"Pyrosomella"
1851003919,,NaN,2014,2014,11,26,-23.50305,165.20455,"Pyrosomella van Soest, 1979",Chordata,Thaliacea,Pyrosomatida,Pyrosomatidae,NaN,Pyrosomella,35,"Pyrosomella"
1851003918,,NaN,2014,2014,11,26,-23.50305,165.20455,"Pyrosomella van Soest, 1979",Chordata,Thaliacea,Pyrosomatida,Pyrosomatidae,NaN,Pyrosomella,35,"Pyrosomella"
1851003910,,NaN,2014,2014,11,26,-23.50305,165.20455,"Pyrosomella van Soest, 1979",Chordata,Thaliacea,Pyrosomatida,Pyrosomatidae,NaN,Pyrosomella,35,"Pyrosomella"
1851003909,,NaN,2014,2014,11,26,-23.50305,165.20455,"Pyrosomella van Soest, 1979",Chordata,Thaliacea,Pyrosomatida,Pyrosomatidae,NaN,Pyrosomella,35,"Pyrosomella"
1851003908,,NaN,2014,2014,11,26,-23.50305,165.20455,"Pyrosomella van Soest, 1979",Chordata,Thaliacea,Pyrosomatida,Pyrosomatidae,NaN,Pyrosomella,35,"Pyrosomella"
1851003906,,NaN,2014,2014,11,26,-23.50305,165.20455,"Pyrosomella van Soest, 1979",Chordata,Thaliacea,Pyrosomatida,Pyrosomatidae,NaN,Pyrosomella,35,"Pyrosomella"
1851003904,,NaN,2014,2014,11,26,-23.50305,165.20455,"Pyrosomella van Soest, 1979",Chordata,Thaliacea,Pyrosomatida,Pyrosomatidae,NaN,Pyrosomella,35,"Pyrosomella"
1851003903,,NaN,2014,2014,11,26,-23.50305,165.20455,"Pyrosomella van Soest, 1979",Chordata,Thaliacea,Pyrosomatida,Pyrosomatidae,NaN,Pyrosomella,35,"Pyrosomella"
1851003797,,NaN,2014,2014,11,26,-23.50305,165.20455,"Pyrosomella van Soest, 1979",Chordata,Thaliacea,Pyrosomatida,Pyrosomatidae,NaN,Pyrosomella,35,"Pyrosomella"
1851003789,,NaN,2014,2014,11,26,-23.50305,165.20455,"Pyrosomella van Soest, 1979",Chordata,Thaliacea,Pyrosomatida,Pyrosomatidae,NaN,Pyrosomella,35,"Pyrosomella"
1851003764,,NaN,2014,2014,11,26,-23.50305,165.20455,"Pyrosomella van Soest, 1979",Chordata,Thaliacea,Pyrosomatida,Pyrosomatidae,NaN,Pyrosomella,35,"Pyrosomella"
1851003700,,NaN,2014,2014,11,26,-23.50305,165.20455,"Pyrosomella van Soest, 1979",Chordata,Thaliacea,Pyrosomatida,Pyrosomatidae,NaN,Pyrosomella,35,"Pyrosomella"
1851003699,,NaN,2014,2014,11,26,-23.50305,165.20455,"Pyrosomella van Soest, 1979",Chordata,Thaliacea,Pyrosomatida,Pyrosomatidae,NaN,Pyrosomella,35,"Pyrosomella"
1851003697,,NaN,2014,2014,11,26,-23.50305,165.20455,"Pyrosomella van Soest, 1979",Chordata,Thaliacea,Pyrosomatida,Pyrosomatidae,NaN,Pyrosomella,35,"Pyrosomella"
1851003695,,NaN,2014,2014,11,26,-23.50305,165.20455,"Pyrosomella van Soest, 1979",Chordata,Thaliacea,Pyrosomatida,Pyrosomatidae,NaN,Pyrosomella,35,"Pyrosomella"
1851003694,,NaN,2014,2014,11,26,-23.50305,165.20455,"Pyrosomella van Soest, 1979",Chordata,Thaliacea,Pyrosomatida,Pyrosomatidae,NaN,Pyrosomella,35,"Pyrosomella"
1851003691,,NaN,2014,2014,11,26,-23.50305,165.20455,"Pyrosomella van Soest, 1979",Chordata,Thaliacea,Pyrosomatida,Pyrosomatidae,NaN,Pyrosomella,35,"Pyrosomella"
1851003689,,NaN,2014,2014,11,26,-23.50305,165.20455,"Pyrosomella van Soest, 1979",Chordata,Thaliacea,Pyrosomatida,Pyrosomatidae,NaN,Pyrosomella,35,"Pyrosomella"
1851003687,,NaN,2014,2014,11,26,-23.50305,165.20455,"Pyrosomella van Soest, 1979",Chordata,Thaliacea,Pyrosomatida,Pyrosomatidae,NaN,Pyrosomella,35,"Pyrosomella"
1851003684,,NaN,2014,2014,11,26,-23.50305,165.20455,"Pyrosomella van Soest, 1979",Chordata,Thaliacea,Pyrosomatida,Pyrosomatidae,NaN,Pyrosomella,35,"Pyrosomella"
1851003679,,NaN,2014,2014,11,26,-23.50305,165.20455,"Pyrosomella van Soest, 1979",Chordata,Thaliacea,Pyrosomatida,Pyrosomatidae,NaN,Pyrosomella,35,"Pyrosomella"
1851003678,,NaN,2014,2014,11,26,-23.50305,165.20455,"Pyrosomella van Soest, 1979",Chordata,Thaliacea,Pyrosomatida,Pyrosomatidae,NaN,Pyrosomella,35,"Pyrosomella"
1851003665,,NaN,2014,2014,11,26,-23.50305,165.20455,"Pyrosomella van Soest, 1979",Chordata,Thaliacea,Pyrosomatida,Pyrosomatidae,NaN,Pyrosomella,35,"Pyrosomella"
1851002888,,NaN,2014,2014,11,26,-23.50305,165.20455,"Pyrosomella van Soest, 1979",Chordata,Thaliacea,Pyrosomatida,Pyrosomatidae,NaN,Pyrosomella,35,"Pyrosomella"
1851002882,,NaN,2014,2014,11,26,-23.50305,165.20455,"Pyrosomella van Soest, 1979",Chordata,Thaliacea,Pyrosomatida,Pyrosomatidae,NaN,Pyrosomella,35,"Pyrosomella"
1851002881,,NaN,2014,2014,11,26,-23.50305,165.20455,"Pyrosomella van Soest, 1979",Chordata,Thaliacea,Pyrosomatida,Pyrosomatidae,NaN,Pyrosomella,35,"Pyrosomella"
1851002875,,NaN,2014,2014,11,26,-23.50305,165.20455,"Pyrosomella van Soest, 1979",Chordata,Thaliacea,Pyrosomatida,Pyrosomatidae,NaN,Pyrosomella,35,"Pyrosomella"
1851002871,,NaN,2014,2014,11,26,-23.50305,165.20455,"Pyrosomella van Soest, 1979",Chordata,Thaliacea,Pyrosomatida,Pyrosomatidae,NaN,Pyrosomella,35,"Pyrosomella"
1851002868,,NaN,2014,2014,11,26,-23.50305,165.20455,"Pyrosomella van Soest, 1979",Chordata,Thaliacea,Pyrosomatida,Pyrosomatidae,NaN,Pyrosomella,35,"Pyrosomella"
1851002864,,NaN,2014,2014,11,26,-23.50305,165.20455,"Pyrosomella van Soest, 1979",Chordata,Thaliacea,Pyrosomatida,Pyrosomatidae,NaN,Pyrosomella,35,"Pyrosomella"
1851002863,,NaN,2014,2014,11,26,-23.50305,165.20455,"Pyrosomella van Soest, 1979",Chordata,Thaliacea,Pyrosomatida,Pyrosomatidae,NaN,Pyrosomella,35,"Pyrosomella"
1851002862,,NaN,2014,2014,11,26,-23.50305,165.20455,"Pyrosomella van Soest, 1979",Chordata,Thaliacea,Pyrosomatida,Pyrosomatidae,NaN,Pyrosomella,35,"Pyrosomella"
1851002858,,NaN,2014,2014,11,26,-23.50305,165.20455,"Pyrosomella van Soest, 1979",Chordata,Thaliacea,Pyrosomatida,Pyrosomatidae,NaN,Pyrosomella,35,"Pyrosomella"
1851002857,,NaN,2014,2014,11,26,-23.50305,165.20455,"Pyrosomella van Soest, 1979",Chordata,Thaliacea,Pyrosomatida,Pyrosomatidae,NaN,Pyrosomella,35,"Pyrosomella"
1851002853,,NaN,2014,2014,11,26,-23.50305,165.20455,"Pyrosomella van Soest, 1979",Chordata,Thaliacea,Pyrosomatida,Pyrosomatidae,NaN,Pyrosomella,35,"Pyrosomella"
1851002852,,NaN,2014,2014,11,26,-23.50305,165.20455,"Pyrosomella van Soest, 1979",Chordata,Thaliacea,Pyrosomatida,Pyrosomatidae,NaN,Pyrosomella,35,"Pyrosomella"
1851002850,,NaN,2014,2014,11,26,-23.50305,165.20455,"Pyrosomella van Soest, 1979",Chordata,Thaliacea,Pyrosomatida,Pyrosomatidae,NaN,Pyrosomella,35,"Pyrosomella"
1851002847,,NaN,2014,2014,11,26,-23.50305,165.20455,"Pyrosomella van Soest, 1979",Chordata,Thaliacea,Pyrosomatida,Pyrosomatidae,NaN,Pyrosomella,35,"Pyrosomella"
1851002846,,NaN,2014,2014,11,26,-23.50305,165.20455,"Pyrosomella van Soest, 1979",Chordata,Thaliacea,Pyrosomatida,Pyrosomatidae,NaN,Pyrosomella,35,"Pyrosomella"
1851002844,,NaN,2014,2014,11,26,-23.50305,165.20455,"Pyrosomella van Soest, 1979",Chordata,Thaliacea,Pyrosomatida,Pyrosomatidae,NaN,Pyrosomella,35,"Pyrosomella"
1851002843,,NaN,2014,2014,11,26,-23.50305,165.20455,"Pyrosomella van Soest, 1979",Chordata,Thaliacea,Pyrosomatida,Pyrosomatidae,NaN,Pyrosomella,35,"Pyrosomella"
1851002842,,NaN,2014,2014,11,26,-23.50305,165.20455,"Pyrosomella van Soest, 1979",Chordata,Thaliacea,Pyrosomatida,Pyrosomatidae,NaN,Pyrosomella,35,"Pyrosomella"
1851002840,,NaN,2014,2014,11,26,-23.50305,165.20455,"Pyrosomella van Soest, 1979",Chordata,Thaliacea,Pyrosomatida,Pyrosomatidae,NaN,Pyrosomella,35,"Pyrosomella"
1851002839,,NaN,2014,2014,11,26,-23.50305,165.20455,"Pyrosomella van Soest, 1979",Chordata,Thaliacea,Pyrosomatida,Pyrosomatidae,NaN,Pyrosomella,35,"Pyrosomella"
1851002838,,NaN,2014,2014,11,26,-23.50305,165.20455,"Pyrosomella van Soest, 1979",Chordata,Thaliacea,Pyrosomatida,Pyrosomatidae,NaN,Pyrosomella,35,"Pyrosomella"
1851002835,,NaN,2014,2014,11,26,-23.50305,165.20455,"Pyrosomella van Soest, 1979",Chordata,Thaliacea,Pyrosomatida,Pyrosomatidae,NaN,Pyrosomella,35,"Pyrosomella"
1851002833,,NaN,2014,2014,11,26,-23.50305,165.20455,"Pyrosomella van Soest, 1979",Chordata,Thaliacea,Pyrosomatida,Pyrosomatidae,NaN,Pyrosomella,35,"Pyrosomella"
1851002829,,NaN,2014,2014,11,26,-23.50305,165.20455,"Pyrosomella van Soest, 1979",Chordata,Thaliacea,Pyrosomatida,Pyrosomatidae,NaN,Pyrosomella,35,"Pyrosomella"
1851002828,,NaN,2014,2014,11,26,-23.50305,165.20455,"Pyrosomella van Soest, 1979",Chordata,Thaliacea,Pyrosomatida,Pyrosomatidae,NaN,Pyrosomella,35,"Pyrosomella"
1851002826,,NaN,2014,2014,11,26,-23.50305,165.20455,"Pyrosomella van Soest, 1979",Chordata,Thaliacea,Pyrosomatida,Pyrosomatidae,NaN,Pyrosomella,35,"Pyrosomella"
1851002822,,NaN,2014,2014,11,26,-23.50305,165.20455,"Pyrosomella van Soest, 1979",Chordata,Thaliacea,Pyrosomatida,Pyrosomatidae,NaN,Pyrosomella,35,"Pyrosomella"
1851002818,,NaN,2014,2014,11,26,-23.50305,165.20455,"Pyrosomella van Soest, 1979",Chordata,Thaliacea,Pyrosomatida,Pyrosomatidae,NaN,Pyrosomella,35,"Pyrosomella"
1851002817,,NaN,2014,2014,11,26,-23.50305,165.20455,"Pyrosomella van Soest, 1979",Chordata,Thaliacea,Pyrosomatida,Pyrosomatidae,NaN,Pyrosomella,35,"Pyrosomella"
1851002814,,NaN,2014,2014,11,26,-23.50305,165.20455,"Pyrosomella van Soest, 1979",Chordata,Thaliacea,Pyrosomatida,Pyrosomatidae,NaN,Pyrosomella,35,"Pyrosomella"
1851002810,,NaN,2014,2014,11,26,-23.50305,165.20455,"Pyrosomella van Soest, 1979",Chordata,Thaliacea,Pyrosomatida,Pyrosomatidae,NaN,Pyrosomella,35,"Pyrosomella"
1851002807,,NaN,2014,2014,11,26,-23.50305,165.20455,"Pyrosomella van Soest, 1979",Chordata,Thaliacea,Pyrosomatida,Pyrosomatidae,NaN,Pyrosomella,35,"Pyrosomella"
1851002804,,NaN,2014,2014,11,26,-23.50305,165.20455,"Pyrosomella van Soest, 1979",Chordata,Thaliacea,Pyrosomatida,Pyrosomatidae,NaN,Pyrosomella,35,"Pyrosomella"
1851002801,,NaN,2014,2014,11,26,-23.50305,165.20455,"Pyrosomella van Soest, 1979",Chordata,Thaliacea,Pyrosomatida,Pyrosomatidae,NaN,Pyrosomella,35,"Pyrosomella"
1851002797,,NaN,2014,2014,11,26,-23.50305,165.20455,"Pyrosomella van Soest, 1979",Chordata,Thaliacea,Pyrosomatida,Pyrosomatidae,NaN,Pyrosomella,35,"Pyrosomella"
1851002780,,NaN,2014,2014,11,26,-23.50305,165.20455,"Pyrosomella van Soest, 1979",Chordata,Thaliacea,Pyrosomatida,Pyrosomatidae,NaN,Pyrosomella,35,"Pyrosomella"
1851002643,,NaN,2014,2014,11,24,-25.061833,167.49985,"Pyrosomella van Soest, 1979",Chordata,Thaliacea,Pyrosomatida,Pyrosomatidae,NaN,Pyrosomella,475,"Pyrosomella"
1851002271,,NaN,2014,2014,11,24,-25.061833,167.49985,"Pyrosomella van Soest, 1979",Chordata,Thaliacea,Pyrosomatida,Pyrosomatidae,NaN,Pyrosomella,475,"Pyrosomella"
1675910565,urn:lsid:biocol.org:col:34871,NaN,2017,2017,8,14,27.4224,-79.9359,"Pyrosomella van Soest, 1979",Chordata,Thaliacea,Pyrosomatida,Pyrosomatidae,NaN,Pyrosomella,49,"Pyrosomella sp."
1322539807,urn:lsid:biocol.org:col:34871,NaN,1908,1908,2,3,10.8,121.808,"Pyrosoma verticillatum Neumann, 1909",Chordata,Thaliacea,Pyrosomatida,Pyrosomatidae,NaN,Pyrosomella,668,"Pyrosoma verticillatum cylindricum"
1322371540,urn:lsid:biocol.org:col:34871,NaN,1908,1908,1,21,13.7583,120.504,"Pyrosoma verticillatum Neumann, 1909",Chordata,Thaliacea,Pyrosomatida,Pyrosomatidae,NaN,Pyrosomella,640,"Pyrosoma verticillatum cylindricum"
1320267481,urn:lsid:biocol.org:col:34871,NaN,1908,1908,2,3,10.8,121.808,"Pyrosoma verticillatum Neumann, 1909",Chordata,Thaliacea,Pyrosomatida,Pyrosomatidae,NaN,Pyrosomella,668,"Pyrosoma verticillatum cylindricum"
1320163741,urn:lsid:biocol.org:col:34871,NaN,1909,1909,6,7,13.1861,123.864,"Pyrosoma verticillatum Neumann, 1909",Chordata,Thaliacea,Pyrosomatida,Pyrosomatidae,NaN,Pyrosomella,219,"Pyrosoma verticillatum cylindricum"
1319917119,urn:lsid:biocol.org:col:34871,NaN,1908,1908,1,21,13.7583,120.504,"Pyrosoma verticillatum Neumann, 1909",Chordata,Thaliacea,Pyrosomatida,Pyrosomatidae,NaN,Pyrosomella,640,"Pyrosoma verticillatum cylindricum"
1317864660,urn:lsid:biocol.org:col:34871,NaN,1908,1908,2,3,10.8,121.808,"Pyrosoma verticillatum Neumann, 1909",Chordata,Thaliacea,Pyrosomatida,Pyrosomatidae,NaN,Pyrosomella,668,"Pyrosoma verticillatum cylindricum"
1057558872,,NaN,NaN,9999,99,99,NaN,NaN,"Pyrosoma verticillatum Neumann, 1909",Chordata,Thaliacea,Pyrosomatida,Pyrosomatidae,NaN,Pyrosomella,300,"Pyrosoma verticillatum hybridum Metcalf and Hopkins"
1057466361,,NaN,NaN,9999,99,99,NaN,NaN,"Pyrosoma verticillatum Neumann, 1909",Chordata,Thaliacea,Pyrosomatida,Pyrosomatidae,NaN,Pyrosomella,600,"Pyrosoma verticillatum cylindricum Metcalf and Hopkins"
1057207895,,NaN,NaN,9999,99,99,NaN,NaN,"Pyrosoma verticillatum Neumann, 1909",Chordata,Thaliacea,Pyrosomatida,Pyrosomatidae,NaN,Pyrosomella,NaN,"Pyrosoma verticillatum Neumann, 1909"
